departamento_etl,ciudad_etl,periodo_etl,cont_co,cont_dviento,cont_haire10,cont_haire2,cont_no,cont_no2,cont_o3,cont_p,cont_pliquida,cont_pm10,cont_pm2.5,cont_pst,cont_rglobal,cont_ruvb,cont_so2,cont_taire10,cont_taire2,cont_vviento,periodo_censo_vehiculos,total_vehiculos,clases_distintas,antiguedad_promedio_flota,log_total_vehiculos,mes_numerico
antioquia,barbosa,2020-01,,124.75742574257426,81.53793103448275,,,,22.66970588235294,650.8516256157636,0.00039408866995073894,30.45,12.482424242424242,,,,,20.9635960591133,,1.769306930693069,2026-04,5469,18,26.31238779174147,8.607033895416027,1
antioquia,barbosa,2021-01,,112.37226277372262,79.56189781021898,,,,22.318720000000003,648.9959854014598,0.03481751824817519,14.9,9.274615384615386,,,,,21.076934306569342,,1.7640145985401459,2026-04,5469,18,26.31238779174147,8.607033895416027,1
antioquia,barbosa,2022-01,,96.28915254237289,81.44449152542373,,,,21.78330275229358,649.707627118644,0.038644067796610164,21.72,11.67175925925926,,,,,21.155897435897433,,1.672820512820513,2026-04,5469,18,26.31238779174147,8.607033895416027,1
antioquia,barbosa,2023-01,,117.57964285714286,81.62530973451328,,,,29.403663366336634,652.2388495575221,0.01919642857142857,18.935,9.99622641509434,,,,,20.35150442477876,,1.6253097345132743,2026-04,5469,18,26.31238779174147,8.607033895416027,1
antioquia,barbosa,2024-01,,128.6678947368421,,80.39330827067668,,,24.063643410852713,651.3875187969925,0.0006716417910447761,36.93,12.951416666666667,,,,,,21.799624060150375,1.6881954887218045,2026-04,5469,18,26.31238779174147,8.607033895416027,1
antioquia,bello,2020-01,,138.30543209876544,61.7120987654321,,,,21.741834319526628,480.0578787878788,,23.398891966759003,12.215555555555557,,188.60940594059406,,,17.047277227722773,,1.6109693877551021,2026-04,77220,44,26.978692138133724,11.254426719747327,1
antioquia,bello,2021-01,,130.6160583941606,67.22116788321168,,,,16.351509433962264,638.651111111111,,31.03846153846154,11.080172413793104,,174.63576642335767,,,20.673722627737227,,1.206299212598425,2026-04,77220,44,26.978692138133724,11.254426719747327,1
antioquia,bello,2022-01,,136.31833333333333,68.4,,,,20.28626168224299,638.7383333333333,,25.30701754385965,13.247142857142858,,167.37983193277313,,,20.58655462184874,,1.2222222222222223,2026-04,77220,44,26.978692138133724,11.254426719747327,1
antioquia,bello,2023-01,,161.51666666666668,69.43097345132743,,,,20.292038834951455,639.7570093457944,,23.77777777777778,12.30137614678899,,150.97719298245616,,,19.730701754385965,,1.1666666666666667,2026-04,77220,44,26.978692138133724,11.254426719747327,1
antioquia,bello,2024-01,,159.51203007518797,,,,,24.040526315789474,639.6438461538461,,21.8503937007874,14.678636363636363,,183.48345864661653,,,,21.23233082706767,1.1525862068965516,2026-04,77220,44,26.978692138133724,11.254426719747327,1
antioquia,caldas,2020-01,,217.90295566502465,72.35812807881774,,,,28.03185185185185,617.5425,,28.5,14.26481012658228,,166.43141361256545,,,20.014358974358974,,0.7040697674418605,2026-04,15448,15,20.125265392781316,9.64529955531205,1
antioquia,caldas,2021-01,,188.32116788321167,81.72905109489051,,,,18.643425925925925,616.0723357664234,0.1245985401459854,25.939999999999998,14.344357976653697,,,,,18.145912408759123,,1.461970802919708,2026-04,15448,15,20.125265392781316,9.64529955531205,1
antioquia,caldas,2022-01,,184.02791666666664,81.53541666666666,,,,16.754197530864197,616.7855833333334,0.09050420168067226,28.98,16.474125560538116,,,,,18.786166666666666,,1.0026666666666666,2026-04,15448,15,20.125265392781316,9.64529955531205,1
antioquia,caldas,2023-01,,,,,,,,,,28.365,13.62761904761905,,,,,,,,2026-04,15448,15,20.125265392781316,9.64529955531205,1
antioquia,caldas,2024-01,,,,,,,,,,31.455,17.45646153846154,,,,,,,,2026-04,15448,15,20.125265392781316,9.64529955531205,1
antioquia,caucasia,2020-01,,150.3152709359606,53.95073891625616,,,,,,,16.270588235294117,,,,,,29.238423645320196,,0.6945812807881774,2026-04,109832,29,22.423572744014734,11.606716309350618,1
antioquia,caucasia,2021-01,,173.8058394160584,,,,,,,0.0,34.603305785123965,,,,,,29.464233576642336,,0.4335766423357665,2026-04,109832,29,22.423572744014734,11.606716309350618,1
antioquia,caucasia,2022-01,,241.5681818181818,65.83781512605042,,,,,,0.0,40.4,,,,,,28.591666666666665,,0.5781512605042016,2026-04,109832,29,22.423572744014734,11.606716309350618,1
antioquia,caucasia,2023-01,,149.43396226415095,64.10535714285714,,,,,,0.002631578947368421,,,,,,,28.025000000000002,,0.220353982300885,2026-04,109832,29,22.423572744014734,11.606716309350618,1
antioquia,caucasia,2024-01,,180.45789473684212,,75.6842105263158,,,,,,23.203007518796994,,,,,,,29.07313432835821,0.4112781954887218,2026-04,109832,29,22.423572744014734,11.606716309350618,1
antioquia,copacabana,2020-01,,97.48019801980197,65.41837438423646,,,,,641.1432019704433,0.00019704433497536947,25.85,11.919473684210525,,,,,20.976699507389164,,1.9054187192118228,2026-04,23755,34,19.909797822706064,10.075590409135751,1
antioquia,copacabana,2021-01,,86.94160583941606,68.95299270072992,,,,,639.9994160583941,0.00043795620437956203,17.325,10.166165413533834,,,,,20.71883211678832,,1.9124087591240877,2026-04,23755,34,19.909797822706064,10.075590409135751,1
antioquia,copacabana,2022-01,,70.69478991596638,69.40325,,,,,640.152,0.0036666666666666666,27.49,12.937142857142858,,,,,20.669916666666666,,1.537,2026-04,23755,34,19.909797822706064,10.075590409135751,1
antioquia,copacabana,2023-01,,87.30336283185841,67.62245614035088,,,,,641.2169298245614,0.0033628318584070795,24.585,11.388571428571428,,,,,19.965263157894736,,1.5754867256637168,2026-04,23755,34,19.909797822706064,10.075590409135751,1
antioquia,copacabana,2024-01,,73.4860447761194,,65.06992481203007,,,,641.1445864661654,7.462686567164179e-05,51.09,11.959776119402985,,,,,,21.57624060150376,1.5845864661654134,2026-04,23755,34,19.909797822706064,10.075590409135751,1
antioquia,envigado,2020-01,,76.8768472906404,79.38916256157636,,,,,,,,6.48852867830424,,281.2255963302752,,,13.943842364532019,,2.2103448275862068,2026-04,889017,69,24.963817514420555,13.69787276176013,1
antioquia,envigado,2021-01,,58.7464,80.74671532846715,,,2.9060606060606062,,,,,14.735684647302906,,233.16315789473686,,,13.017518248175183,,1.1664233576642336,2026-04,889017,69,24.963817514420555,13.69787276176013,1
antioquia,envigado,2022-01,,133.64583333333334,,,,,,,,,14.194128440366974,,,,,13.585714285714285,,0.6991596638655463,2026-04,889017,69,24.963817514420555,13.69787276176013,1
antioquia,envigado,2023-01,,158.09732142857143,,,,,,,,,12.95095238095238,,,,,11.905357142857143,,0.5666666666666667,2026-04,889017,69,24.963817514420555,13.69787276176013,1
antioquia,envigado,2024-01,,134.60375939849624,,63.35112781954888,,,,,,,14.074302788844621,,,,,,15.748872180451126,0.7654135338345864,2026-04,889017,69,24.963817514420555,13.69787276176013,1
antioquia,girardota,2020-01,296.16682539682535,152.03140495867768,78.48502232142857,,7.772229299363057,19.07,19.49871508379888,646.018962962963,0.020953947368421055,31.08839779005525,12.330459770114942,,,,21.48506756756757,22.0266269165247,,1.5823432343234323,2026-04,22146,32,20.905454545454546,10.005457326119846,1
antioquia,girardota,2021-01,,140.1328413284133,71.5590405904059,,8.335294117647058,21.4108,23.605923076923077,639.8017910447761,0.010218978102189783,23.79824561403509,11.460905349794238,,,,19.18528925619835,20.92269372693727,,1.4510332103321033,2026-04,22146,32,20.905454545454546,10.005457326119846,1
antioquia,girardota,2022-01,178.40629629629632,129.83111731843576,67.33804469273743,,6.611862745098039,14.241703056768559,27.25821100917431,641.53075,0.025439330543933054,31.125,15.584302325581396,,291.73230769230764,,19.10019417475728,20.80579831932773,,1.1216759776536314,2026-04,22146,32,20.905454545454546,10.005457326119846,1
antioquia,girardota,2023-01,297.74028846153846,160.1519117647059,66.29463343108505,,4.646595744680851,12.198428571428572,31.46691588785047,641.3067256637169,0.03066079295154185,27.152380952380952,9.693548387096774,,311.025,,16.47,20.750852941176472,,0.9814369501466276,2026-04,22146,32,20.905454545454546,10.005457326119846,1
antioquia,girardota,2024-01,330.67894736842106,161.34273182957392,,67.77255,8.804017094017093,11.207379032258064,23.812529182879377,641.1301492537314,0.0,27.24770642201835,11.734848484848484,,94.20076923076924,,,,22.376516290726816,0.9635572139303483,2026-04,22146,32,20.905454545454546,10.005457326119846,1
antioquia,guarne,2022-01,,159.7689075630252,67.3781512605042,,,,,,0.08666666666666666,26.1,20.0,,,,,16.075833333333332,,0.59,2026-04,1328,13,15.19,7.192182058713246,1
antioquia,guarne,2023-01,,160.28761061946904,84.44736842105263,,,,,591.3951327433628,0.20464912280701753,18.3,9.2,,,,,15.830088495575222,,0.8530973451327434,2026-04,1328,13,15.19,7.192182058713246,1
antioquia,itagui,2020-01,,220.36995073891626,66.45678217821782,,7.779798657718121,29.62191616766467,33.456918604651165,627.0668238213399,0.021428571428571425,29.78091603053435,16.8479381443299,,158.79561576354678,,,20.814826732673268,,1.1625935162094763,2026-04,190756,45,29.545769764216367,12.158755645721083,1
antioquia,itagui,2021-01,,195.68868613138685,72.77967153284672,,9.069682539682539,23.561621621621622,23.60724489795918,625.8594464944649,0.023065693430656935,29.788365758754864,16.365671641791046,,119.84883211678833,,,20.291131386861316,,0.9302573529411765,2026-04,190756,45,29.545769764216367,12.158755645721083,1
antioquia,itagui,2022-01,,196.8434309623431,73.16430434782609,,10.077920792079208,22.901057692307692,17.014102564102565,625.6922943722944,0.051176470588235295,37.00853881278539,20.766233766233768,,99.00025423728815,,,20.547857142857143,,0.8340336134453782,2026-04,190756,45,29.545769764216367,12.158755645721083,1
antioquia,itagui,2023-01,,187.9141037735849,78.44324444444445,,25.903783783783787,27.05271739130435,25.181340206185567,626.9504109589042,0.11705357142857144,36.094426229508194,18.157635467980295,,66.06079646017699,,,19.080407239819007,,0.7281218274111675,2026-04,190756,45,29.545769764216367,12.158755645721083,1
antioquia,itagui,2024-01,,239.66220472440943,,59.54962406015038,13.38703125,25.95484375,39.140692307692305,636.1413533834586,,30.2062213740458,16.0,,92.91917293233082,,6.217857142857143,,22.561832061068703,0.9191304347826087,2026-04,190756,45,29.545769764216367,12.158755645721083,1
antioquia,la estrella,2020-01,,,,,,,,,,36.0,12.323232323232324,,,,,,,,2026-04,194289,56,12.947222222222223,12.177107167237159,1
antioquia,la estrella,2021-01,,,,,,,,,,30.85,13.330769230769231,,,,,,,,2026-04,194289,56,12.947222222222223,12.177107167237159,1
antioquia,la estrella,2022-01,,,,,,,,,,35.82,15.504424778761061,,,,,,,,2026-04,194289,56,12.947222222222223,12.177107167237159,1
antioquia,la estrella,2023-01,,,,,,,,,,40.260000000000005,15.458333333333334,,,,,,,,2026-04,194289,56,12.947222222222223,12.177107167237159,1
antioquia,la estrella,2024-01,,,,,,,,,,63.795,14.453846153846154,,,,,,,,2026-04,194289,56,12.947222222222223,12.177107167237159,1
antioquia,marinilla,2022-01,,165.06302521008402,88.71428571428571,,,,,,0.05327731092436975,25.9,14.6,,,,,17.242857142857144,,1.169747899159664,2026-04,32672,37,22.589175891758916,10.394304327743797,1
antioquia,marinilla,2023-01,,159.49115044247787,84.15044247787611,,,,,594.8315044247788,0.17350877192982458,9.7,9.0,,,,,15.880701754385965,,0.8805309734513275,2026-04,32672,37,22.589175891758916,10.394304327743797,1
antioquia,medellin,2020-01,865.1879487179488,149.76273176761435,66.96808654496282,,19.24138198757764,25.17036111111111,22.48045101088647,590.2885349794238,0.004358552631578947,39.93072747014115,15.564824120603015,,192.5914778325123,,,19.05826650215916,,1.583955500618047,2026-04,403109,46,29.0253360910031,12.906964756537565,1
antioquia,medellin,2021-01,692.7709722222222,145.5632183908046,73.83037539103233,,21.95864168618267,23.933729977116705,16.80783653846154,615.2305109489051,0.022782503037667073,32.892082695252675,14.662127052105639,,,,,20.24118613138686,,1.335852442671984,2026-04,403109,46,29.0253360910031,12.906964756537565,1
antioquia,medellin,2022-01,599.0650793650793,140.4387369519833,76.17587244283996,,26.035048309178745,25.635720620842573,16.800224438902745,615.5648189415042,0.03970059880239521,36.65941573033708,18.437209125475285,,,,7.997872340425531,19.38018769551616,,1.3837395833333335,2026-04,403109,46,29.0253360910031,12.906964756537565,1
antioquia,medellin,2023-01,798.9732142857143,157.7944044044044,78.1211469072165,,28.916609589041094,33.136233766233765,21.318032786885244,617.4318263473054,0.1096790757381258,32.79445520581114,16.23054133138259,,,,3.1895714285714285,18.4790625,,1.0784142715559961,2026-04,403109,46,29.0253360910031,12.906964756537565,1
antioquia,medellin,2024-01,882.4350000000001,157.2241844660194,,70.56000970873787,29.31347967479675,27.468155339805826,27.109695512820515,614.4447911227154,0.0055294117647058825,34.290998003992016,17.47469364811692,,,,9.633424657534247,,20.794675701839303,1.7512318137730358,2026-04,403109,46,29.0253360910031,12.906964756537565,1
antioquia,puerto berrio,2020-01,,130.88177339901478,50.679802955665025,,,,,,,,12.024844720496894,,,,,30.396059113300492,,1.0514851485148515,2026-04,17422,16,28.15335463258786,9.765546451422905,1
antioquia,rionegro,2021-01,763.0713114754099,113.32116788321167,81.02919708029196,,,8.670588235294119,35.6453125,588.3260869565217,0.03700729927007299,20.19296875,10.375423728813558,,,,2.0238095238095237,18.464963503649635,,0.7547445255474453,2026-04,167531,36,25.314432989690722,12.028929656776649,1
antioquia,rionegro,2022-01,904.998,138.5670731707317,84.58271604938271,,,12.047899159663865,29.507894736842108,,0.0,22.11196581196581,12.64864864864865,,122.888,,2.019075630252101,17.1325,,0.7666666666666667,2026-04,167531,36,25.314432989690722,12.028929656776649,1
antioquia,sabaneta,2020-01,,163.3399014778325,66.51085570469799,,20.67909090909091,30.4728275862069,,629.4964444444445,0.015985221674876846,37.66142857142857,19.67733564013841,,,,,21.62646962233169,,1.1207730263157893,2026-04,761989,42,18.14807502467917,13.54368871122309,1
antioquia,sabaneta,2021-01,,166.07299270072994,79.54868613138686,,20.82544,22.083880597014925,,628.4237591240875,0.0368978102189781,31.6760162601626,15.843190661478598,,,,,20.181423357664233,,1.3306934306569345,2026-04,761989,42,18.14807502467917,13.54368871122309,1
antioquia,sabaneta,2022-01,,142.39425,79.08433333333333,,23.756071428571428,30.653660714285714,,627.4081666666666,0.08033613445378152,44.44,19.371076233183857,,,,,20.31275,,0.8484873949579832,2026-04,761989,42,18.14807502467917,13.54368871122309,1
antioquia,sabaneta,2023-01,,172.63637168141594,80.78008849557521,,,,,628.5886842105264,0.20663716814159291,,15.515999999999998,,,,,19.046106194690267,,0.8449557522123894,2026-04,761989,42,18.14807502467917,13.54368871122309,1
antioquia,sabaneta,2024-01,,150.8507462686567,,75.1615037593985,,,,628.7903759398496,0.00037593984962406017,,18.03992424242424,,,,,,21.429323308270675,0.8303007518796993,2026-04,761989,42,18.14807502467917,13.54368871122309,1
antioquia,sonson,2022-01,,77.4,85.86192468619247,,,,,,0.06075630252100841,45.2,18.925,,,,,26.388284518828453,,0.18375,2026-04,5405,13,23.683473389355743,8.595264726836392,1
antioquia,sonson,2023-01,,105.0,82.87224669603525,,,,,727.6418502202644,0.42771929824561405,31.5,12.6,,,,,26.12511013215859,,0.3964757709251101,2026-04,5405,13,23.683473389355743,8.595264726836392,1
antioquia,yarumal,2021-01,,195.16788321167883,,,,,,,,,15.3046875,,,,,17.5,,1.1379562043795621,2026-04,17397,17,26.3978978978979,9.764110536067486,1
atlantico,barranquilla,2020-01,227.20495327102802,48.90698175787728,72.76152570480929,,,,39.50716566866267,756.671996672213,0.0,35.275104166666665,10.577493472584855,,308.0534128878282,,0.03176079734219269,26.794401993355482,,2.924809286898839,2026-04,226298,64,24.14119922630561,12.329612412698918,1
atlantico,barranquilla,2021-01,222.06149812734083,38.19511111111111,71.62511111111111,,,,,0.0,0.0,26.91436507936508,8.899288537549406,,163.10098765432096,,0.08800000000000001,17.5179012345679,,1.1798024691358024,2026-04,226298,64,24.14119922630561,12.329612412698918,1
atlantico,barranquilla,2022-01,171.4727619047619,,,,,,27.56547619047619,,0.0,38.550000000000004,17.907868852459018,,,,0.5410743801652892,26.425847457627118,,,2026-04,226298,64,24.14119922630561,12.329612412698918,1
atlantico,barranquilla,2023-01,,,,,,,17.877599999999997,,,89.45589743589744,6.0828125,,,,0.07433333333333333,,,,2026-04,226298,64,24.14119922630561,12.329612412698918,1
bolivar,arjona,2022-01,,,,,,,,,,22.3,6.8,,,,,,,,2026-04,96944,26,13.169082125603865,11.481899086365106,1
bolivar,turbaco,2020-01,,,,,,,,,,,,91.72666666666667,,,,,,,2026-04,51952,60,17.726128016789087,10.858094742694488,1
bolivar,turbaco,2021-01,,,,,,,,,,32.91,,,,,,,,,2026-04,51952,60,17.726128016789087,10.858094742694488,1
bolivar,turbaco,2022-01,634.2428571428571,235.7856779661017,78.97784810126582,,,9.076363636363636,26.305806451612902,756.5995217391304,,38.020999999999994,7.910438596491228,,143.49313559322033,,,27.029364406779663,,0.8639830508474576,2026-04,51952,60,17.726128016789087,10.858094742694488,1
bolivar,turbaco,2023-01,,,,,,,,757.5513274336283,,42.58,11.410714285714286,,,,,26.526126126126126,,,2026-04,51952,60,17.726128016789087,10.858094742694488,1
boyaca,nobsa,2020-01,469.34355371900824,159.45525,58.70735,,,19.051666666666666,33.688721461187214,751.8614,0.010050251256281407,21.75884210526316,15.859893617021276,,,158.03692810457517,7.07515306122449,13.392060301507538,,1.828,2026-04,27651,19,27.554761904761904,10.227453337065155,1
boyaca,nobsa,2021-01,377.46733333333333,166.67624060150374,63.41533834586466,,,12.432307692307692,18.192473118279572,754.4842105263158,0.0014606741573033708,25.212558139534885,14.159223744292238,,,302.86875675675674,2.800643564356436,14.744436090225564,,1.3351127819548871,2026-04,27651,19,27.554761904761904,10.227453337065155,1
boyaca,nobsa,2022-01,388.37595505617975,168.51455319148934,57.93119658119658,,,17.03735294117647,17.47229411764706,753.1277350427351,8.510638297872341e-05,,15.371855670103091,,,292.4434591194969,2.2905714285714285,13.599615384615385,,1.3104721030042918,2026-04,27651,19,27.554761904761904,10.227453337065155,1
boyaca,nobsa,2023-01,505.9174603174603,180.51557522123892,71.43044247787611,,,13.908842105263156,15.91344370860927,755.1782589285714,0.2397767857142857,19.85537037037037,11.527441860465117,,,,1.977627118644068,14.380398230088495,,1.1425221238938053,2026-04,27651,19,27.554761904761904,10.227453337065155,1
boyaca,nobsa,2024-01,,180.96790874524714,,63.14637404580152,,,16.240000000000002,759.3368965517241,0.0008396946564885496,29.453793103448273,16.99960396039604,,,201.85823529411766,10.987196969696969,,15.188244274809161,1.0639846743295018,2026-04,27651,19,27.554761904761904,10.227453337065155,1
boyaca,paipa,2020-01,,,,,,,,,,34.03521126760563,,,,,33.18524590163934,,,,2026-04,19587,22,22.0,9.882672412822208,1
boyaca,paipa,2021-01,,,,,,,,,,24.43792,,,,,7.551282051282051,,,,2026-04,19587,22,22.0,9.882672412822208,1
boyaca,paipa,2022-01,,225.1864406779661,73.3528813559322,,,,,756.0727118644068,0.0,34.90078431372549,,,,,9.456,13.846016949152542,,2.5147457627118643,2026-04,19587,22,22.0,9.882672412822208,1
boyaca,paipa,2023-01,,227.1946902654867,74.84455357142858,,,,,756.5013392857143,0.0,25.211111111111112,,,,,25.460270270270268,14.524553571428571,,2.561150442477876,2026-04,19587,22,22.0,9.882672412822208,1
boyaca,paipa,2024-01,,,,,,,,,,33.900763358778626,,,,,47.45954198473282,,,,2026-04,19587,22,22.0,9.882672412822208,1
boyaca,sogamoso,2020-01,265.9804958677686,162.10145077720207,56.410207253886014,,,19.83433734939759,6.234965753424657,,0.0,39.48940860215054,13.841338028169014,,,226.76518518518517,16.09659420289855,14.521502590673576,,1.3724870466321242,2026-04,41971,30,23.371764705882352,10.644758008277801,1
boyaca,sogamoso,2021-01,354.1489406779661,198.6723738317757,64.572025,,,14.943896103896103,22.468488372093024,755.616074766355,0.0007663551401869159,31.233947368421052,12.983937007874015,,,242.90149377593363,9.991479820627802,15.2767,,1.3811775700934579,2026-04,41971,30,23.371764705882352,10.644758008277801,1
boyaca,sogamoso,2022-01,427.5443333333333,195.77720797720798,57.86889518413598,,,15.063393665158372,5.98814371257485,755.1360511363637,0.00019886363636363637,35.65086956521739,14.331714285714286,,,259.3862962962963,8.595625,14.3715625,,1.3098866855524078,2026-04,41971,30,23.371764705882352,10.644758008277801,1
boyaca,sogamoso,2023-01,271.69058333333334,185.01922048997773,73.55028888888889,,,,19.732448979591837,749.6653658536586,0.07059866962305987,27.173706293706296,15.201941747572816,,,234.45191011235957,5.314925925925926,14.399048672566371,,1.3237028824833703,2026-04,41971,30,23.371764705882352,10.644758008277801,1
boyaca,sogamoso,2024-01,189.3808988764045,206.85867684478373,,67.60576335877862,,,16.783764258555134,527.3532487309644,0.0006345177664974619,38.74311392405063,17.021603053435115,,,242.95832000000001,12.992954545454545,,15.811374045801527,1.2446446700507614,2026-04,41971,30,23.371764705882352,10.644758008277801,1
boyaca,tunja,2024-01,409.6752671755725,176.57961832061068,,64.47801526717558,,,24.36159090909091,723.991679389313,0.0,23.40496183206107,12.021603053435115,,,,1.6404580152671757,,13.817045454545454,1.43206106870229,2026-04,43735,26,23.933742331288343,10.685926840574835,1
caldas,chinchina,2020-01,,,,,,,,,,19.5,,,,,,,,,2026-04,19502,24,32.58800521512386,9.878323578872578,1
caldas,chinchina,2024-01,,,,,,,,,,19.833333333333332,11.833333333333334,,,,,,,,2026-04,19502,24,32.58800521512386,9.878323578872578,1
caldas,la dorada,2021-01,,,,,,,,,,16.5,,,,,,,,,2026-04,96800,24,26.899709302325583,11.480412603789821,1
caldas,la dorada,2022-01,,,,,,,,,,41.5,,,,,,,,,2026-04,96800,24,26.899709302325583,11.480412603789821,1
caldas,manizales,2020-01,,,,,,,,,,20.363636363636363,,,,,,,,,2026-04,289980,38,27.7382762991128,12.57757068257493,1
caldas,manizales,2021-01,,,,,,,,,,19.88888888888889,8.5,,,,,,,,2026-04,289980,38,27.7382762991128,12.57757068257493,1
caldas,manizales,2022-01,781.4715294117648,,,,,,25.023936170212767,,,22.0,11.0,,,,6.488407079646018,,,,2026-04,289980,38,27.7382762991128,12.57757068257493,1
caldas,manizales,2023-01,747.3786486486486,,,,,,23.520300000000002,,,18.181818181818183,11.365185185185185,,,,4.39824074074074,,,,2026-04,289980,38,27.7382762991128,12.57757068257493,1
caldas,manizales,2024-01,785.8971698113209,,,,,,31.598872180451124,,,16.636363636363637,18.623181818181816,,,,3.973308270676692,,,,2026-04,289980,38,27.7382762991128,12.57757068257493,1
cauca,popayan,2023-01,,214.7782456140351,85.83863636363637,,,,0.7860240963855422,614.0754385964913,0.023771929824561402,5.501470588235294,,,,,,18.00464912280702,,0.8789622641509434,2026-04,118831,28,24.82878645343368,11.685466009909078,1
cesar,agustin codazzi,2020-01,,,,,,,,,,29.30666666666667,10.736666666666666,,,,,,,,2026-04,8394,26,24.127710843373492,9.035391569511642,1
cesar,agustin codazzi,2021-01,,84.06976744186046,,,,,,,0.0,9.185609756097561,2.356076923076923,,,,,29.255038759689924,,1.4170542635658916,2026-04,8394,26,24.127710843373492,9.035391569511642,1
cesar,agustin codazzi,2022-01,,100.28067226890757,,,,,,,0.0,11.039908256880732,5.448090909090909,,,,,29.43310924369748,,8.976333333333335,2026-04,8394,26,24.127710843373492,9.035391569511642,1
cesar,agustin codazzi,2023-01,,114.91189427312776,58.72079646017699,,,,,755.2439207048458,0.0013215859030837004,14.710919540229884,5.98102564102564,,226.41718061674007,,,29.187665198237887,,2.7115044247787607,2026-04,8394,26,24.127710843373492,9.035391569511642,1
cesar,agustin codazzi,2024-01,,119.6044776119403,,60.27333333333333,,,,747.8842105263159,0.0,28.049999999999997,13.0,,,,,,28.253731343283583,1.122882882882883,2026-04,8394,26,24.127710843373492,9.035391569511642,1
cesar,bosconia,2020-01,,,,,,,,,,33.48,,,,,,,,,2026-04,3572,13,20.764285714285716,8.181160858023409,1
cesar,bosconia,2021-01,,,,,,,,,,40.06,,,,,,,,,2026-04,3572,13,20.764285714285716,8.181160858023409,1
cesar,bosconia,2022-01,,,,,,,,,,39.685,,,,,,,,,2026-04,3572,13,20.764285714285716,8.181160858023409,1
cesar,bosconia,2023-01,,,,,,,,,,57.3,,,,,,,,,2026-04,3572,13,20.764285714285716,8.181160858023409,1
cesar,el paso,2020-01,,,,,,,,,,67.33555555555556,21.594166666666666,,,,,,,,2026-04,8606,32,8.33529411764706,9.060331104649475,1
cesar,el paso,2021-01,,101.05401459854015,,,,,,,0.0,15.028970588235294,4.449416058394161,,,,,29.156934306569344,,1.4846715328467153,2026-04,8606,32,8.33529411764706,9.060331104649475,1
cesar,el paso,2022-01,,93.15543417366946,,,,,,,0.0,29.172439024390243,8.811578947368421,,,,,29.037298050139274,,1.6974651810584958,2026-04,8606,32,8.33529411764706,9.060331104649475,1
cesar,el paso,2023-01,,113.33015384615385,68.12,,,,,751.5758620689655,0.0,23.72115869017632,6.5947512437810945,,,216.96140350877192,,28.914814004376368,,1.568421052631579,2026-04,8606,32,8.33529411764706,9.060331104649475,1
cesar,el paso,2024-01,,,,,,,,,,50.475,20.183333333333334,,,,,,,,2026-04,8606,32,8.33529411764706,9.060331104649475,1
cesar,la jagua de ibirico,2020-01,,,,,,,,,,37.3925,13.886666666666665,,,,,,,,2026-04,17431,16,8.75886524822695,9.766062876624456,1
cesar,la jagua de ibirico,2021-01,,132.59402985074627,,,,,,,0.0,13.132995867768594,4.623182711198428,,,,,27.850373134328358,,1.6033830845771142,2026-04,17431,16,8.75886524822695,9.766062876624456,1
cesar,la jagua de ibirico,2022-01,,153.71442588726515,,,,,,,0.0008350730688935282,23.928115942028985,11.985084337349399,,,,,28.26012578616352,,3.1994560669456065,2026-04,17431,16,8.75886524822695,9.766062876624456,1
cesar,la jagua de ibirico,2023-01,,150.23073286052008,65.91806167400881,,,,,752.2696929824561,0.0,18.508829039812646,6.894114114114114,,,214.5070796460177,,27.989715762273903,,1.1517412935323383,2026-04,17431,16,8.75886524822695,9.766062876624456,1
cesar,la jagua de ibirico,2024-01,,140.17460317460316,,75.93609022556392,,,,757.9488721804511,0.0,36.019999999999996,11.625,,,,,,28.639097744360903,0.766030534351145,2026-04,17431,16,8.75886524822695,9.766062876624456,1
cesar,valledupar,2020-01,,,,,,,,,,9.075000000000001,6.673333333333333,,,,,,,,2026-04,85732,30,27.76164383561644,11.35899309464505,1
cesar,valledupar,2021-01,,,,,,,,,,13.365,,,,,,,,,2026-04,85732,30,27.76164383561644,11.35899309464505,1
cesar,valledupar,2022-01,,,,,,,,,,24.400000000000002,,,,,,,,,2026-04,85732,30,27.76164383561644,11.35899309464505,1
cesar,valledupar,2023-01,,,,,,,,,,13.424999999999999,,,,,,,,,2026-04,85732,30,27.76164383561644,11.35899309464505,1
cesar,valledupar,2024-01,,,,,,,,,,20.175,,,,,,,,,2026-04,85732,30,27.76164383561644,11.35899309464505,1
cordoba,planeta rica,2021-01,,,,,,,,,,20.076666666666664,,,,,,,,,2026-04,107285,36,20.051236749116608,11.583253444803258,1
cordoba,planeta rica,2022-01,,,,,,,,,,24.751666666666665,9.973333333333334,,,,,,,,2026-04,107285,36,20.051236749116608,11.583253444803258,1
cordoba,planeta rica,2023-01,,,,,,,,,,11.352,8.24,,,,,,,,2026-04,107285,36,20.051236749116608,11.583253444803258,1
cundinamarca,cajica,2020-01,,,,,,,,,,,,,,,36.680163934426226,,,,2026-04,1360,32,13.384868421052632,7.215975002651466,1
cundinamarca,cajica,2021-01,327.48814516129033,,,,,22.95755905511811,,,,19.355169491525423,10.803504273504274,,,,8.99968,,,,2026-04,1360,32,13.384868421052632,7.215975002651466,1
cundinamarca,cajica,2022-01,231.430796460177,,,,,,,,,35.8209375,16.125862068965517,,,,,,,,2026-04,1360,32,13.384868421052632,7.215975002651466,1
cundinamarca,cajica,2023-01,288.1513402061856,,,,,16.88509090909091,,,,45.979438202247195,14.276224489795919,,,,,,,,2026-04,1360,32,13.384868421052632,7.215975002651466,1
cundinamarca,cajica,2024-01,,,,,,,,,,38.491791044776114,22.89701492537313,,,,,,,,2026-04,1360,32,13.384868421052632,7.215975002651466,1
cundinamarca,chia,2023-01,,,,,,,,,,11.330505050505051,6.625684210526316,,,,,,,,2026-04,175040,42,16.923337091319052,12.072775511179325,1
cundinamarca,chia,2024-01,,,,,,,,,,25.263671875,11.555112781954886,,,,,,,,2026-04,175040,42,16.923337091319052,12.072775511179325,1
cundinamarca,cota,2021-01,462.764,,,,,22.795182481751826,,,,24.71641221374046,10.422461538461539,,,,3.09304,,,,2026-04,2588,43,15.872527472527473,7.859026979751538,1
cundinamarca,cota,2022-01,353.80559322033895,,,,,,,,,,15.76388888888889,,,,4.052162162162162,,,,2026-04,2588,43,15.872527472527473,7.859026979751538,1
cundinamarca,facatativa,2024-01,755.9360824742269,,,,,26.074285714285715,,,,28.072686567164176,14.588646616541354,,,,3.066015037593985,,,,2026-04,11767,16,21.76007326007326,9.373139262281274,1
cundinamarca,funza,2021-01,,,,,,34.89822580645161,,,,20.773387096774194,11.211162790697674,,,,3.1575471698113207,,,,2026-04,712033,69,12.862127659574469,13.475880942062972,1
cundinamarca,funza,2022-01,,,,,,27.504661016949154,,,,30.10478632478633,14.029439252336449,,,,3.7640776699029126,,,,2026-04,712033,69,12.862127659574469,13.475880942062972,1
cundinamarca,funza,2023-01,,,,,,22.085272727272727,,,,25.678834951456313,12.15377358490566,,,,3.354235294117647,,,,2026-04,712033,69,12.862127659574469,13.475880942062972,1
cundinamarca,funza,2024-01,,,,,,,,,,38.1944776119403,16.925447761194032,,,,4.614347826086957,,,,2026-04,712033,69,12.862127659574469,13.475880942062972,1
cundinamarca,fusagasuga,2024-01,,,,,,15.80537313432836,,,,19.32651515151515,10.91181818181818,,,,2.955571428571429,,,,2026-04,52035,26,24.510010537407798,10.85969106572145,1
cundinamarca,girardot,2023-01,,,,,,,,,,22.963673469387757,10.384123711340207,,,,,,,,2026-04,150072,18,26.234185733512785,11.918877121361245,1
cundinamarca,girardot,2024-01,,,,,,,,,,21.812878787878788,11.536590909090908,,,,,,,,2026-04,150072,18,26.234185733512785,11.918877121361245,1
cundinamarca,la calera,2021-01,399.24798387096774,,,,,12.848188976377953,17.665727272727274,,,12.172790697674419,5.504166666666666,,,,0.7095384615384615,,,,2026-04,3734,23,18.623076923076923,8.225503097566918,1
cundinamarca,la calera,2022-01,,,,,,12.873913043478261,31.22134831460674,,,19.572372881355932,9.312636363636365,,,,2.4044827586206896,,,,2026-04,3734,23,18.623076923076923,8.225503097566918,1
cundinamarca,la calera,2023-01,458.64576923076925,,,,,17.01106796116505,19.839418604651165,,,22.681704545454547,13.698714285714285,,,,2.4446153846153846,,,,2026-04,3734,23,18.623076923076923,8.225503097566918,1
cundinamarca,la calera,2024-01,404.2943362831859,,,,,21.028879310344827,31.460819672131144,,,28.300840336134456,18.602689075630252,,,,3.069402985074627,,,,2026-04,3734,23,18.623076923076923,8.225503097566918,1
cundinamarca,madrid,2022-01,,,,,,,10.001948051948052,,,39.52008474576271,17.26,,,,2.3163302752293577,,,,2026-04,190568,50,13.084319526627219,12.157769612693006,1
cundinamarca,madrid,2023-01,,,,,,,6.2063366336633665,,,,15.232743362831858,,,,1.26,,,,2026-04,190568,50,13.084319526627219,12.157769612693006,1
cundinamarca,madrid,2024-01,,,,,,,4.4438805970149255,,,39.15780303030303,21.415909090909093,,,,1.6108695652173912,,,,2026-04,190568,50,13.084319526627219,12.157769612693006,1
cundinamarca,mosquera,2020-01,,,,,,,,,,31.248907103825136,14.0394623655914,,,,6.313670886075949,,,,2026-04,149544,50,19.67049808429119,11.915352629864941,1
cundinamarca,mosquera,2021-01,,,,,,17.898178137651822,,,,19.513137254901963,9.236117647058824,,,,2.7717167381974246,,,,2026-04,149544,50,19.67049808429119,11.915352629864941,1
cundinamarca,mosquera,2022-01,,,,,,13.796708860759495,,,,30.990270270270273,16.02456896551724,,,,2.6787387387387387,,,,2026-04,149544,50,19.67049808429119,11.915352629864941,1
cundinamarca,mosquera,2023-01,,,,,,22.2663963963964,,,,26.79697247706422,,,,,2.938343195266272,,,,2026-04,149544,50,19.67049808429119,11.915352629864941,1
cundinamarca,mosquera,2024-01,,,,,,27.330526315789474,,,,35.668527131782945,16.080526315789474,,,,,,,,2026-04,149544,50,19.67049808429119,11.915352629864941,1
cundinamarca,sibate,2020-01,164.88137931034484,,,,,,,,,8.625,,,,,10.760089285714287,,,,2026-04,70082,25,32.430408472012104,11.157435532913205,1
cundinamarca,sibate,2021-01,251.63744,,,,,0.9913868613138686,,,,14.2,,,,,7.960288461538462,,,,2026-04,70082,25,32.430408472012104,11.157435532913205,1
cundinamarca,sibate,2022-01,238.75652173913045,,,,,14.058125,,,,23.163636363636364,,,,,4.182409638554216,,,,2026-04,70082,25,32.430408472012104,11.157435532913205,1
cundinamarca,sibate,2023-01,162.57973214285715,,,,,14.17544642857143,,,,29.17142857142857,,,,,10.193999999999999,,,,2026-04,70082,25,32.430408472012104,11.157435532913205,1
cundinamarca,sibate,2024-01,219.78848484848487,,,,,,,,,,,,,,9.073955223880597,,,,2026-04,70082,25,32.430408472012104,11.157435532913205,1
cundinamarca,soacha,2020-01,,,,,,,,,,60.90105263157895,23.023910256410257,,,,,,,,2026-04,396364,57,17.484284051222353,12.890090782887901,1
cundinamarca,soacha,2021-01,415.336,,,,,28.86343347639485,,,,10.939040590405904,4.879924242424242,,,,4.841674641148325,,,,2026-04,396364,57,17.484284051222353,12.890090782887901,1
cundinamarca,soacha,2022-01,507.41641509433964,,,,,42.978539823008845,,,,49.73765306122449,22.889908256880734,,,,4.168871794871794,,,,2026-04,396364,57,17.484284051222353,12.890090782887901,1
cundinamarca,soacha,2023-01,392.24275229357795,,,,,31.64868131868132,,,,26.96668181818182,12.199951923076924,,,,5.105714285714286,,,,2026-04,396364,57,17.484284051222353,12.890090782887901,1
cundinamarca,soacha,2024-01,566.2140625,,,,,46.20142857142857,,,,70.52905,27.870276381909548,,,,1.4643262411347517,,,,2026-04,396364,57,17.484284051222353,12.890090782887901,1
cundinamarca,sopo,2020-01,,,,,,11.705661375661375,,,,38.0,20.066666666666666,,,,7.646242038216561,,,,2026-04,5061,30,12.98469387755102,8.529516941105069,1
cundinamarca,sopo,2021-01,,,,,,11.695149253731344,,,,24.27480916030534,17.45736434108527,,,,5.308139534883721,,,,2026-04,5061,30,12.98469387755102,8.529516941105069,1
cundinamarca,sopo,2022-01,,,,,,2.4701666666666666,,,,31.678260869565218,,,,,5.100326086956522,,,,2026-04,5061,30,12.98469387755102,8.529516941105069,1
cundinamarca,sopo,2023-01,,,,,,41.2918947368421,,,,28.527272727272727,11.053763440860216,,,,,,,,2026-04,5061,30,12.98469387755102,8.529516941105069,1
cundinamarca,sopo,2024-01,,,,,,,,,,23.35909433962264,15.521584905660378,,,,,,,,2026-04,5061,30,12.98469387755102,8.529516941105069,1
cundinamarca,ubate,2024-01,,,,,,9.906060606060606,,,,39.34174242424242,12.30406015037594,,,,14.802537313432836,,,,2026-04,18459,26,22.130727762803236,9.823361508056843,1
cundinamarca,zipaquira,2020-01,,,,,,,,,,35.54494382022472,15.160714285714286,,,,,,,,2026-04,67064,62,13.79322853688029,11.113417577336191,1
cundinamarca,zipaquira,2021-01,,,,,,17.497142857142855,,,,37.63291666666667,15.493684210526316,,,,1.1920388349514563,,,,2026-04,67064,62,13.79322853688029,11.113417577336191,1
cundinamarca,zipaquira,2022-01,,,,,,17.000849056603773,,,,33.65634615384615,9.089012345679013,,,,5.839724770642202,,,,2026-04,67064,62,13.79322853688029,11.113417577336191,1
cundinamarca,zipaquira,2023-01,,,,,,,,,,25.485825242718445,13.398295454545455,,,,2.2801428571428572,,,,2026-04,67064,62,13.79322853688029,11.113417577336191,1
cundinamarca,zipaquira,2024-01,,,,,,,,,,19.235223880597015,10.613684210526316,,,,0.7175373134328359,,,,2026-04,67064,62,13.79322853688029,11.113417577336191,1
huila,neiva,2020-01,,,,,,,,,,15.338333333333333,,,,,,,,,2026-04,87890,33,24.18688230008985,11.38385268935265,1
huila,neiva,2021-01,,,,,,,,,,7.825,,,,,,,,,2026-04,87890,33,24.18688230008985,11.38385268935265,1
huila,neiva,2022-01,,,,,,,,,,14.715,,,,,,,,,2026-04,87890,33,24.18688230008985,11.38385268935265,1
huila,neiva,2023-01,,,,,,,,,,22.845,,,,,,,,,2026-04,87890,33,24.18688230008985,11.38385268935265,1
huila,neiva,2024-01,,,,,,,,,,17.695,,,,,,,,,2026-04,87890,33,24.18688230008985,11.38385268935265,1
la guajira,albania,2020-01,,,,,,,,,,21.68,,,,,,,,,2026-04,12760,9,7.205479452054795,9.454148923733976,1
la guajira,albania,2021-01,,104.0117128463476,79.7669099756691,,,,,752.1426097560975,,18.56625,7.66625,,,,,26.07685138539043,,2.995088161209068,2026-04,12760,9,7.205479452054795,9.454148923733976,1
la guajira,albania,2022-01,,77.9759052924791,72.75153203342619,,,,,750.1787709497206,0.004916201117318436,16.223636363636363,7.874545454545455,,,218.0736111111111,,26.946378830083564,,3.26142061281337,2026-04,12760,9,7.205479452054795,9.454148923733976,1
la guajira,albania,2023-01,,73.71700879765396,79.99706744868035,,,,,752.0511764705882,0.049999999999999996,14.37142857142857,6.4799999999999995,,,210.38713450292397,,25.62404692082111,,2.5891176470588233,2026-04,12760,9,7.205479452054795,9.454148923733976,1
la guajira,fonseca,2020-01,,,,,,,,,,31.255,,,,,,,,,2026-04,2656,16,12.31578947368421,7.884952945759814,1
la guajira,hatonuevo,2020-01,,,,,,,,,,30.866666666666664,,,,,,,,,2026-04,5560,15,30.58402662229617,8.623533227187563,1
la guajira,maicao,2020-01,,,,,,,,,,20.552,8.253333333333332,,,,,,,,2026-04,9180,10,15.486301369863014,9.1248914101437,1
la guajira,maicao,2021-01,,,,,,,,,,15.02,6.095000000000001,,,,,,,,2026-04,9180,10,15.486301369863014,9.1248914101437,1
la guajira,maicao,2022-01,,,,,,,,,,17.595,8.85,,,,,,,,2026-04,9180,10,15.486301369863014,9.1248914101437,1
la guajira,maicao,2023-01,,,,,,,,,,19.72,8.11,,,,,,,,2026-04,9180,10,15.486301369863014,9.1248914101437,1
la guajira,riohacha,2020-01,,,,,,,,,,30.04444444444444,,,,,,,,,2026-04,19957,14,17.093908629441625,9.901385344444257,1
magdalena,aracataca,2020-01,,,,,,,,,,58.135,,,,,,,,,2026-04,10881,16,19.209876543209877,9.294865327045871,1
magdalena,aracataca,2021-01,,,,,,,,,,34.165,,,,,,,,,2026-04,10881,16,19.209876543209877,9.294865327045871,1
magdalena,aracataca,2022-01,,,,,,,,,,32.56,,,,,,,,,2026-04,10881,16,19.209876543209877,9.294865327045871,1
magdalena,aracataca,2023-01,,,,,,,,,,38.13,,,,,,,,,2026-04,10881,16,19.209876543209877,9.294865327045871,1
magdalena,cienaga,2020-01,,304.0188888888889,76.48111111111112,,,,,756.4766666666667,0.0,86.66666666666667,,,,,,26.391111111111112,,1.162222222222222,2026-04,57325,22,21.741176470588236,10.95650955196994,1
magdalena,cienaga,2021-01,569.9921138211382,173.3385401459854,76.40744525547446,,,,29.05153846153846,755.4410218978102,0.0,42.3363503649635,14.25792,,230.82272058823528,,0.80625,25.22021897810219,,1.113065693430657,2026-04,57325,22,21.741176470588236,10.95650955196994,1
magdalena,cienaga,2022-01,375.6202752293578,171.2147899159664,74.39641666666667,,,,30.81625,755.43,0.0,40.34060869565217,12.047232142857142,,217.83151260504204,,2.818571428571429,25.30675,,1.1529166666666666,2026-04,57325,22,21.741176470588236,10.95650955196994,1
magdalena,cienaga,2023-01,258.0531481481482,175.22929824561402,78.47769911504425,,,,28.92279279279279,756.8335087719298,0.0,34.99491379310345,,,227.29342105263157,,1.0854368932038834,24.647543859649126,,1.1437719298245612,2026-04,57325,22,21.741176470588236,10.95650955196994,1
magdalena,cienaga,2024-01,263.8233082706767,169.55257575757574,,79.27503759398496,,,31.365606060606062,756.0145454545454,0.0,44.834477611940294,,,210.97393939393942,,2.8523333333333336,,25.796136363636364,1.033939393939394,2026-04,57325,22,21.741176470588236,10.95650955196994,1
magdalena,fundacion,2020-01,,,,,,,,,,28.23,,,,,,,,,2026-04,126080,30,18.02660753880266,11.744679836532333,1
magdalena,fundacion,2021-01,,,,,,,,,,33.745000000000005,,,,,,,,,2026-04,126080,30,18.02660753880266,11.744679836532333,1
magdalena,fundacion,2022-01,,,,,,,,,,26.735,,,,,,,,,2026-04,126080,30,18.02660753880266,11.744679836532333,1
magdalena,fundacion,2023-01,,,,,,,,,,31.89,,,,,,,,,2026-04,126080,30,18.02660753880266,11.744679836532333,1
magdalena,santa marta,2020-01,,,56.11,,0.15,1.1525,63.17777777777778,756.1466666666666,0.0,33.470333333333336,7.126111111111111,,,,5.822777777777778,26.925555555555558,,,2026-04,80258,34,21.81826831588963,11.293014184236684,1
magdalena,santa marta,2021-01,256.53709543568465,77.47308270676692,57.128796992481206,,1.3681967213114754,1.938034188034188,53.85369047619048,751.9146616541353,0.08703703703703704,17.664420289855073,5.731810699588477,,252.9527067669173,,3.5791329479768788,27.504887218045113,,2.7880451127819548,2026-04,80258,34,21.81826831588963,11.293014184236684,1
magdalena,santa marta,2022-01,161.84499999999997,70.35928870292886,58.11489539748953,,,,36.03234693877551,753.5931932773109,0.0,22.07471544715447,6.279864253393665,,240.7989958158996,,3.1264251207729465,26.69560669456067,,2.8018487394957985,2026-04,80258,34,21.81826831588963,11.293014184236684,1
magdalena,santa marta,2023-01,189.51300884955754,71.87035087719298,61.01074561403509,,,,37.437179487179485,754.8495175438596,0.0,17.702838427947597,5.051822660098522,,249.70722466960353,,1.7708444444444444,26.337719298245613,,2.7863157894736843,2026-04,80258,34,21.81826831588963,11.293014184236684,1
magdalena,santa marta,2024-01,175.7110606060606,72.59647727272727,,63.11306818181818,,,36.852651515151514,754.0398113207547,0.00015151515151515152,19.044666666666668,7.295267489711934,,241.13170454545454,,2.697570850202429,,27.539583333333333,2.233984962406015,2026-04,80258,34,21.81826831588963,11.293014184236684,1
meta,villavicencio,2020-01,,250.93939393939394,63.43030303030303,,,,37.66643356643357,721.2424242424242,0.0,24.54703832752613,,,95.0060606060606,,,26.225609756097562,,1.008,2026-04,159519,56,21.04250200481155,11.979924585195665,1
meta,villavicencio,2021-01,,183.67391304347825,71.92700729927007,,,,32.60727272727273,715.2514492753623,0.0318840579710145,19.060000000000002,,,262.8,,,24.928985507246374,,1.0221739130434784,2026-04,159519,56,21.04250200481155,11.979924585195665,1
meta,villavicencio,2022-01,,176.04060913705584,,,28.826727272727272,10.27896103896104,47.30554838709677,,,21.652694610778443,,,285.78846153846155,,,26.840975609756097,,0.8235609756097562,2026-04,159519,56,21.04250200481155,11.979924585195665,1
meta,villavicencio,2023-01,,194.13333333333333,68.8625,,,,,961.0125,0.9,11.972972972972974,,,,,,24.25375,,0.8058666666666666,2026-04,159519,56,21.04250200481155,11.979924585195665,1
meta,villavicencio,2024-01,,194.5,,68.51515151515152,,,13.62406015037594,961.1742424242424,0.0,24.401515151515152,,,,,,,26.30378787878788,0.8639097744360903,2026-04,159519,56,21.04250200481155,11.979924585195665,1
quindio,armenia,2021-01,,,,,,,,,,8.333333333333334,,,,,,,,,2026-04,98212,33,20.521788990825687,11.494893868472772,1
quindio,armenia,2022-01,,,,,,,,,,16.0,,,,,,,,,2026-04,98212,33,20.521788990825687,11.494893868472772,1
risaralda,dosquebradas,2021-01,,,,,,,,,,22.941666666666666,9.9888,,,,,,,,2026-04,163639,31,22.358190709046454,12.005424172043336,1
risaralda,dosquebradas,2022-01,,,,,,,,,,26.15,,,,,,,,,2026-04,163639,31,22.358190709046454,12.005424172043336,1
risaralda,dosquebradas,2023-01,,,,,,,,,,16.265,10.68,,,,,,,,2026-04,163639,31,22.358190709046454,12.005424172043336,1
risaralda,pereira,2020-01,,,,,,,,,,,23.92,,,,,,,,2026-04,253649,41,24.20676451818762,12.443710642994835,1
risaralda,pereira,2021-01,,,,,,,,,,20.851666666666667,8.784251968503936,,,,,,,,2026-04,253649,41,24.20676451818762,12.443710642994835,1
risaralda,pereira,2022-01,,,,,,,,,,24.33,,,,,,,,,2026-04,253649,41,24.20676451818762,12.443710642994835,1
risaralda,pereira,2023-01,,,,,,,,,,12.112499999999999,10.468115942028986,,,,,,,,2026-04,253649,41,24.20676451818762,12.443710642994835,1
santander,bucaramanga,2020-01,,245.52046855733664,68.45849753694581,,,10.182736842105264,17.833928571428572,,0.019827586206896553,29.641654978962134,15.353739130434782,,212.31317733990147,13.115,,23.055072463768116,,1.2309113300492611,2026-04,251321,51,28.503569467325644,12.434490264467074,1
santander,bucaramanga,2021-01,,274.86861313868616,79.01459854014598,,,,,,0.08175182481751825,26.6425855513308,,,225.61313868613138,3.208955223880597,,23.63065693430657,,1.5124087591240876,2026-04,251321,51,28.503569467325644,12.434490264467074,1
santander,bucaramanga,2022-01,,217.287675070028,73.18690807799443,,13.72549019607843,12.721008403361344,,686.2459610027855,0.0,20.164814814814815,11.64766355140187,,248.3442577030812,,0.7867256637168142,23.984166666666663,,1.7269444444444446,2026-04,251321,51,28.503569467325644,12.434490264467074,1
santander,bucaramanga,2023-01,729.7747826086957,223.84984984984985,80.49821428571428,,8.935505617977528,18.49570093457944,20.64169381107492,687.2546546546546,0.34615384615384615,13.925581395348837,8.011483253588517,,123.02222222222223,,1.157,22.42042042042042,,1.3843843843843844,2026-04,251321,51,28.503569467325644,12.434490264467074,1
santander,bucaramanga,2024-01,386.39486956521733,190.84773631840795,,73.83814536340851,10.533032786885245,23.62529411764706,28.50026666666667,686.8060499999999,0.00947630922693267,21.3085,11.151,,170.37423558897245,,0.967391304347826,,24.815825,1.3513483146067415,2026-04,251321,51,28.503569467325644,12.434490264467074,1
santander,floridablanca,2020-01,,,62.87931034482759,,,14.045,12.46,688.1162561576355,0.0,24.694527363184083,12.603499999999999,,226.3576354679803,1.7073891625615765,,25.17290640394089,,,2026-04,186970,47,22.51138211382114,12.138708803596641,1
santander,floridablanca,2021-01,,191.0036496350365,73.54744525547446,,,,25.27542372881356,686.9,0.2116788321167883,,,,233.47445255474452,2.232846715328467,,24.816788321167884,,1.1810218978102192,2026-04,186970,47,22.51138211382114,12.138708803596641,1
santander,giron,2020-01,,238.30591133004924,65.52376237623761,,,,,,0.011881188118811881,34.30928961748634,17.219021739130437,,188.2433497536946,,,23.782758620689652,,1.2876847290640392,2026-04,500433,48,19.956563706563706,13.123231000910177,1
santander,piedecuesta,2022-01,,219.03083333333333,71.2175,,,,22.266666666666666,677.275,0.0,26.09908256880734,13.0625,,211.25966386554623,,,23.5025,,1.8158333333333334,2026-04,53677,29,23.09104704097117,10.89075851312733,1
santander,piedecuesta,2023-01,443.00404040404044,213.30990990990992,80.69107142857142,,9.253333333333334,24.728440366972478,22.514285714285716,678.250892857143,,17.815686274509805,9.107407407407408,,105.89999999999999,,0.55625,21.857657657657658,,1.7414414414414416,2026-04,53677,29,23.09104704097117,10.89075851312733,1
santander,piedecuesta,2024-01,942.5838095238095,217.5288805970149,,72.61398496240601,13.159512195121952,24.102833333333333,29.781599999999997,677.9042105263158,0.0,29.08421052631579,14.209701492537313,,201.97231343283582,,1.1794871794871795,,24.57315789473684,1.9657894736842105,2026-04,53677,29,23.09104704097117,10.89075851312733,1
tolima,ibague,2020-01,,,,,,,,,,36.02,,,,,,,,,2026-04,266687,35,24.800335570469798,12.493834714782125,1
tolima,ibague,2021-01,,,,,,,,,,27.495714285714286,,,,,,,,,2026-04,266687,35,24.800335570469798,12.493834714782125,1
tolima,ibague,2022-01,,,,,,,,,,22.912857142857142,,,,,,,,,2026-04,266687,35,24.800335570469798,12.493834714782125,1
tolima,ibague,2023-01,,,,,,,,,,23.996000000000002,,,,,,,,,2026-04,266687,35,24.800335570469798,12.493834714782125,1
tolima,ibague,2024-01,,,,,,,,,,25.72,,,,,,,,,2026-04,266687,35,24.800335570469798,12.493834714782125,1
valle del cauca,cali,2020-01,,194.2484375,,66.34689655172414,,,10.82066985645933,905.0658496732027,0.025336617405582924,35.307410881801125,16.934513274336283,,318.16165929203544,,3.1287903225806453,,25.694814814814816,1.50936729663106,2026-04,827695,51,30.413081650570675,13.626401216192969,1
valle del cauca,cali,2021-01,,179.88357664233575,,73.1059306569343,,,,710.1045208333333,0.15036496350364964,,,,268.1529835082459,,,,24.574726277372264,1.3827040194884288,2026-04,827695,51,30.413081650570675,13.626401216192969,1
valle del cauca,cali,2022-01,,169.84534075104312,79.858356545961,,,,,677.3840194714882,0.18433147632311978,,,,209.04099264705883,,2.2736363636363635,24.39821615949633,,1.1593880389429765,2026-04,827695,51,30.413081650570675,13.626401216192969,1
valle del cauca,cali,2023-01,,175.81198830409355,74.6169014084507,,,,,679.416960352423,0.0871806167400881,,,,233.49011299435028,,,24.49330985915493,,1.3947058823529412,2026-04,827695,51,30.413081650570675,13.626401216192969,1
valle del cauca,cali,2024-01,,142.79097744360902,,70.94123493975904,,,,678.5676846057571,0.18707865168539328,19.960150375939847,10.680451127819548,,323.6701492537313,,,,26.27875,0.9365168539325843,2026-04,827695,51,30.413081650570675,13.626401216192969,1
valle del cauca,candelaria,2020-01,,,,,,,,,,75.73333333333333,38.9,,,,,,,,2026-04,16575,28,24.02921646746348,9.71571114505921,1
valle del cauca,candelaria,2021-01,,180.54014598540147,82.16153284671532,,,,,,,18.36235294117647,6.890410958904109,,,,,29.415328467153284,,0.910948905109489,2026-04,16575,28,24.02921646746348,9.71571114505921,1
valle del cauca,candelaria,2023-01,,104.13157894736842,72.22654867256638,,,,,676.7263157894737,,24.353271028037383,9.808108108108108,,,,,22.91140350877193,,0.5675438596491228,2026-04,16575,28,24.02921646746348,9.71571114505921,1
valle del cauca,candelaria,2024-01,,90.69172932330827,,66.7179104477612,,,,676.6857142857143,,21.166417910447763,10.597744360902256,,,,,,28.4,0.6962406015037593,2026-04,16575,28,24.02921646746348,9.71571114505921,1
valle del cauca,cartago,2023-01,,143.0857142857143,76.82142857142857,,,4.495575221238938,8.374757281553398,686.0513274336283,0.0752212389380531,,,,167.0419642857143,,0.2616822429906542,23.04159292035398,,1.2214285714285715,2026-04,115707,31,29.887459807073956,11.658825055130215,1
valle del cauca,cartago,2024-01,,145.2,,66.4396551724138,,,,684.0383458646617,0.002030075187969925,,11.58,,204.89402985074625,,1.3844776119402986,,26.02695652173913,1.2847014925373135,2026-04,115707,31,29.887459807073956,11.658825055130215,1
valle del cauca,jamundi,2021-01,,,,,,,,,,17.594776119402983,5.909448818897638,,,,,,,,2026-04,40402,29,25.001335113484647,10.606659318618037,1
valle del cauca,jamundi,2022-01,,154.840796460177,,,,,,,,,,,,,,,,0.8623684210526316,2026-04,40402,29,25.001335113484647,10.606659318618037,1
valle del cauca,jamundi,2023-01,,144.2107142857143,82.98035714285713,,,,,,,,,,,,,25.55,,0.6660714285714285,2026-04,40402,29,25.001335113484647,10.606659318618037,1
valle del cauca,jamundi,2024-01,,142.7125,,82.16964285714286,,,,,,,8.555833333333334,,,,,,26.926785714285717,0.6482142857142856,2026-04,40402,29,25.001335113484647,10.606659318618037,1
valle del cauca,palmira,2021-01,,161.87591240875912,79.58321167883211,,,,8.585714285714285,,,19.08,5.696183206106871,,,,0.7594827586206896,23.086861313868614,,1.1802919708029196,2026-04,212710,43,29.176594253679045,12.267689715883071,1
valle del cauca,palmira,2022-01,,165.75,83.96051502145923,,0.0,5.176375545851529,8.104147465437787,675.0096234309623,0.09907563025210085,22.29,8.189719626168223,,108.33583333333333,,,23.158577405857738,,1.2117647058823529,2026-04,212710,43,29.176594253679045,12.267689715883071,1
valle del cauca,palmira,2023-01,,145.2736842105263,80.3798245614035,,,,,676.3504424778762,0.06666666666666667,26.62857142857143,9.646363636363635,,115.24601769911504,,,22.371052631578948,,1.1017699115044248,2026-04,212710,43,29.176594253679045,12.267689715883071,1
valle del cauca,palmira,2024-01,,143.38597744360902,,69.99737827715356,,,14.23609022556391,677.6076119402985,0.004511278195488722,13.993804347826087,6.812307692307693,,147.91194029850746,,,,25.9225468164794,1.1362172284644194,2026-04,212710,43,29.176594253679045,12.267689715883071,1
valle del cauca,tulua,2021-01,,,82.55166666666666,,,,9.05114503816794,,,52.38727272727273,,,,,0.907563025210084,22.562043795620436,,,2026-04,148792,39,27.333635539437896,11.910311357263819,1
valle del cauca,tulua,2024-01,,,,66.08721804511279,,,,,0.004477611940298508,29.637984496124034,9.767441860465116,,224.53706766917293,,,,26.57910447761194,,2026-04,148792,39,27.333635539437896,11.910311357263819,1
valle del cauca,yumbo,2020-01,,,,,,,,,,111.9137106918239,19.372872928176797,,,,,,,,2026-04,26866,30,24.41184210526316,10.198654046697536,1
valle del cauca,yumbo,2021-01,,149.64233576642334,78.95693430656935,,,6.817560975609756,,,,17.48119658119658,7.77906976744186,,,,,23.355474452554745,,1.1693430656934305,2026-04,26866,30,24.41184210526316,10.198654046697536,1
valle del cauca,yumbo,2022-01,,,,,,,,,,,10.61150442477876,,,,,,,0.85,2026-04,26866,30,24.41184210526316,10.198654046697536,1
valle del cauca,yumbo,2023-01,,155.62026431718064,80.78508771929825,,,,,679.7289473684211,,21.610714285714284,10.373243243243245,,234.31052631578947,,,23.431277533039648,,1.2482300884955753,2026-04,26866,30,24.41184210526316,10.198654046697536,1
valle del cauca,yumbo,2024-01,,172.52201591511937,,67.79460227272727,,,16.79,678.2402197802198,,15.189473684210526,11.758490566037734,,310.13510638297873,,11.910084033613446,,26.682102272727274,1.2708222811671088,2026-04,26866,30,24.41184210526316,10.198654046697536,1
valle del cauca,zarzal,2023-01,,165.27433628318585,74.6424778761062,,,,,,0.13008849557522123,,,,179.00353982300885,,,26.93628318584071,,1.2079646017699115,2026-04,28232,30,28.049180327868854,10.248246785526897,1
valle del cauca,zarzal,2024-01,,146.31578947368422,,65.58721804511279,,,,684.606015037594,,15.970676691729322,7.126119402985075,,,,,,26.218796992481202,1.261654135338346,2026-04,28232,30,28.049180327868854,10.248246785526897,1
